mean_AU01,mean_AU02,mean_AU04,mean_AU05,mean_AU06,mean_AU07,mean_AU09,mean_AU10,mean_AU11,mean_AU12,mean_AU14,mean_AU15,mean_AU17,mean_AU20,mean_AU23,mean_AU24,mean_AU25,mean_AU26,mean_AU28,mean_AU43,mean_duration
0.2440463018844549,0.2757834502462654,0.2653629350767997,0.1623381657492605,0.6014105221323046,0.6956866767122037,0.2626151413011233,0.8083456141182215,0.4087853179456664,0.736526371959251,0.7819569478790516,0.1200590716083854,0.295889165418627,0.2520429897399635,0.3749520039994759,0.4140889647134687,0.6735959972660344,0.412224177123843,0.3148101522336883,0.1510139210896998,7.9333333333333345
