mean_AU01,mean_AU02,mean_AU04,mean_AU05,mean_AU06,mean_AU07,mean_AU09,mean_AU10,mean_AU11,mean_AU12,mean_AU14,mean_AU15,mean_AU17,mean_AU20,mean_AU23,mean_AU24,mean_AU25,mean_AU26,mean_AU28,mean_AU43,mean_duration
0.4084953223335169,0.371445359070416,0.2205428067817562,0.17569414596619,0.5144791127086387,0.6282396640159583,0.1794109559291041,0.7632025396692856,0.4045559372604674,0.6410146517641883,0.6394152088156999,0.3814950280492943,0.3314646293207284,0.1911139780208892,0.4325781076060785,0.3829635058596679,0.710472456191484,0.532765982918407,0.1601996188738822,0.050429906060437,0.4333333333333333
