mean_AU01,mean_AU02,mean_AU04,mean_AU05,mean_AU06,mean_AU07,mean_AU09,mean_AU10,mean_AU11,mean_AU12,mean_AU14,mean_AU15,mean_AU17,mean_AU20,mean_AU23,mean_AU24,mean_AU25,mean_AU26,mean_AU28,mean_AU43,mean_duration
0.3025440894707404,0.3227412999149988,0.2951918340379367,0.1332342069155637,0.5797894169521353,0.6132821418545228,0.3976688163353646,0.6150563963027337,0.3963039603240826,0.5974984210776296,0.6956451767482422,0.4316370493014619,0.5446555431545654,0.2084985210012361,0.3870998800469464,0.5903861157327325,0.356703561678602,0.2000547069048159,0.3283062563238551,0.3015711891123365,3.4333333333333327
