mean_AU01,mean_AU02,mean_AU04,mean_AU05,mean_AU06,mean_AU07,mean_AU09,mean_AU10,mean_AU11,mean_AU12,mean_AU14,mean_AU15,mean_AU17,mean_AU20,mean_AU23,mean_AU24,mean_AU25,mean_AU26,mean_AU28,mean_AU43,mean_duration
0.6838959990007916,0.537925842316929,0.2964556106998788,0.3301000593010545,0.4089900181722807,0.5356450408389751,0.1286481759535034,0.7729063038329858,0.3876898507034683,0.5408512655672143,0.4510358987422497,0.4307451631231463,0.4400942773787538,0.2100431494712775,0.2844855673028131,0.0731095469209048,0.8594358796391495,0.5856410207712612,0.0924153697813945,0.0905796881930015,2.6333333333333324
