mean_AU01,mean_AU02,mean_AU04,mean_AU05,mean_AU06,mean_AU07,mean_AU09,mean_AU10,mean_AU11,mean_AU12,mean_AU14,mean_AU15,mean_AU17,mean_AU20,mean_AU23,mean_AU24,mean_AU25,mean_AU26,mean_AU28,mean_AU43,mean_duration
0.366451529616408,0.3555593945999077,0.2762716287194923,0.2006241583757366,0.7050474144751151,0.7172199742879994,0.4372695913322886,0.7207659100524619,0.3993237700440049,0.702566099361279,0.5748785188979771,0.3966042218141786,0.3512377834846148,0.2634617911963942,0.2297532651350428,0.2524083000066272,0.6957042420512703,0.5126823340334743,0.2208139371844394,0.4389072240215549,5.233333333333334
