mean_AU01,mean_AU02,mean_AU04,mean_AU05,mean_AU06,mean_AU07,mean_AU09,mean_AU10,mean_AU11,mean_AU12,mean_AU14,mean_AU15,mean_AU17,mean_AU20,mean_AU23,mean_AU24,mean_AU25,mean_AU26,mean_AU28,mean_AU43,mean_duration
0.192928552669992,0.1786797789137398,0.2676973051477045,0.3884538467457134,0.2503981997576674,0.4349521639360764,0.0725337043873497,0.6208943073182874,0.4022442491002642,0.4208884540151518,0.7719104422589234,0.0626398830933786,0.2983337494855569,0.2078793604098273,0.4972263417344417,0.6397419627310577,0.3819808939001935,0.2299671236708864,0.3423198127043641,0.019010625260662,0.6333333333333332
