mean_AU01,mean_AU02,mean_AU04,mean_AU05,mean_AU06,mean_AU07,mean_AU09,mean_AU10,mean_AU11,mean_AU12,mean_AU14,mean_AU15,mean_AU17,mean_AU20,mean_AU23,mean_AU24,mean_AU25,mean_AU26,mean_AU28,mean_AU43,mean_duration
0.4289474265146522,0.4037185928123954,0.223051907360864,0.0961688594173103,0.914855191357366,0.8625758323554513,0.4383749791499924,0.958224721956686,0.4136829379667628,0.9379561977848856,0.66800707913141,0.2962074888064181,0.2729190507610223,0.3471698996351328,0.2141949208525606,0.0518071897995927,0.9438443575946982,0.5960292787655095,0.0906046457151933,0.2303047585338258,6.666666666666668
