mean_AU01,mean_AU02,mean_AU04,mean_AU05,mean_AU06,mean_AU07,mean_AU09,mean_AU10,mean_AU11,mean_AU12,mean_AU14,mean_AU15,mean_AU17,mean_AU20,mean_AU23,mean_AU24,mean_AU25,mean_AU26,mean_AU28,mean_AU43,mean_duration
0.5235211818920457,0.4418372559169641,0.2186493096654462,0.2204942674344558,0.6345359131437399,0.6920061714684868,0.1965091283916453,0.9333131201660668,0.4124738566659424,0.8492789185342666,0.5602314502296463,0.5007884744623071,0.3665928533794229,0.2091117986339586,0.317983090424383,0.0707330897135108,0.9323306010762908,0.6968214157964806,0.055855124340339,0.1302001485778755,8.766666666666666
