mean_AU01,mean_AU02,mean_AU04,mean_AU05,mean_AU06,mean_AU07,mean_AU09,mean_AU10,mean_AU11,mean_AU12,mean_AU14,mean_AU15,mean_AU17,mean_AU20,mean_AU23,mean_AU24,mean_AU25,mean_AU26,mean_AU28,mean_AU43,mean_duration
0.4443741183564746,0.3934156731867048,0.2587489237799416,0.167140738373247,0.6830212348463888,0.6642581782935222,0.3676913357242509,0.8543224966790054,0.4059605584842657,0.7599366253409359,0.6309597949524921,0.3021917427703411,0.2554662789349125,0.2851213991317755,0.2685986484161185,0.188107735746995,0.8668348153339835,0.4980131198545546,0.1532962961035111,0.2882367358252042,7.133333333333336
