mean_AU01,mean_AU02,mean_AU04,mean_AU05,mean_AU06,mean_AU07,mean_AU09,mean_AU10,mean_AU11,mean_AU12,mean_AU14,mean_AU15,mean_AU17,mean_AU20,mean_AU23,mean_AU24,mean_AU25,mean_AU26,mean_AU28,mean_AU43,mean_duration
0.3030338787021446,0.3604480436764828,0.3866518532757969,0.2196145174247672,0.3929381082036025,0.5541731737202216,0.375103057980769,0.5107026978366237,0.3850077281134583,0.4289356417526115,0.6100908539381427,0.462174790728531,0.5317491260281021,0.1650856081424316,0.405093687666288,0.5507829026929398,0.3728709024574733,0.2320342577552412,0.4123261852308528,0.404937774368976,30.699999999999992
