mean_AU01,mean_AU02,mean_AU04,mean_AU05,mean_AU06,mean_AU07,mean_AU09,mean_AU10,mean_AU11,mean_AU12,mean_AU14,mean_AU15,mean_AU17,mean_AU20,mean_AU23,mean_AU24,mean_AU25,mean_AU26,mean_AU28,mean_AU43,mean_duration
0.2842199316949327,0.3134233926649208,0.3505210386382729,0.1794487358492427,0.4499423083134791,0.5912226898540885,0.3529267387077061,0.6297227635308837,0.3908299825886289,0.4939425999544372,0.6403053515019616,0.3126344935993293,0.3604381166496516,0.2516612931265795,0.3721315351654097,0.441785269292036,0.5489577607812327,0.3730321846346519,0.3487810823948196,0.2467564245553528,3.933333333333332
