mean_AU01,mean_AU02,mean_AU04,mean_AU05,mean_AU06,mean_AU07,mean_AU09,mean_AU10,mean_AU11,mean_AU12,mean_AU14,mean_AU15,mean_AU17,mean_AU20,mean_AU23,mean_AU24,mean_AU25,mean_AU26,mean_AU28,mean_AU43,mean_duration
0.3154383642987807,0.2271982626941598,0.3110955325487909,0.1337943062830239,0.641475805367668,0.7005243330344814,0.2456178162167419,0.8759613299572816,0.4092293428647681,0.7519047751696396,0.6514979277908874,0.3195310522868763,0.312136054723923,0.2085979587459392,0.369968992095985,0.2414491307942824,0.8061508442043919,0.5610412359111192,0.1732203647983407,0.0769447556935119,4.866666666666666
