mean_AU01,mean_AU02,mean_AU04,mean_AU05,mean_AU06,mean_AU07,mean_AU09,mean_AU10,mean_AU11,mean_AU12,mean_AU14,mean_AU15,mean_AU17,mean_AU20,mean_AU23,mean_AU24,mean_AU25,mean_AU26,mean_AU28,mean_AU43,mean_duration
0.3102996805580887,0.3253023423590904,0.3692229058817651,0.1938031597207582,0.4103482187801239,0.5357734460852637,0.3252717257118582,0.5206590484472177,0.3840176332366283,0.431922034375667,0.5325179051755169,0.4897076157193995,0.4752631311143165,0.1833490379128996,0.4297236260118693,0.4762739159330844,0.4966486292515568,0.3736509894098381,0.3716523295985576,0.3287320877540003,3.2
