mean_AU01,mean_AU02,mean_AU04,mean_AU05,mean_AU06,mean_AU07,mean_AU09,mean_AU10,mean_AU11,mean_AU12,mean_AU14,mean_AU15,mean_AU17,mean_AU20,mean_AU23,mean_AU24,mean_AU25,mean_AU26,mean_AU28,mean_AU43,mean_duration
0.394899386109532,0.3748159611077952,0.3074218795127922,0.2065813435811387,0.6884983314967336,0.6990048492309272,0.4491332119244813,0.7822817142591635,0.401697130847598,0.7074284044422011,0.5867494785269871,0.3620421428865293,0.3231151359119174,0.2762865477390939,0.2572141558116589,0.2470097850655563,0.7673553981858955,0.4810522508831914,0.1928954833751137,0.3865013212276137,18.03333333333333
