mean_AU01,mean_AU02,mean_AU04,mean_AU05,mean_AU06,mean_AU07,mean_AU09,mean_AU10,mean_AU11,mean_AU12,mean_AU14,mean_AU15,mean_AU17,mean_AU20,mean_AU23,mean_AU24,mean_AU25,mean_AU26,mean_AU28,mean_AU43,mean_duration
0.3474761122018108,0.3181268897305173,0.2397481804880661,0.101708725649726,0.8869476642231852,0.824114089264654,0.4428855091120424,0.9647608594325392,0.4147335402032587,0.9387973606279378,0.6949987781380259,0.2397090517487121,0.1651669524440749,0.3005396884166975,0.2075658177746872,0.0432373916629105,0.9710907204486062,0.6944784960306691,0.0731592114917315,0.2219923008338179,9.733333333333333
