mean_AU01,mean_AU02,mean_AU04,mean_AU05,mean_AU06,mean_AU07,mean_AU09,mean_AU10,mean_AU11,mean_AU12,mean_AU14,mean_AU15,mean_AU17,mean_AU20,mean_AU23,mean_AU24,mean_AU25,mean_AU26,mean_AU28,mean_AU43,mean_duration
0.3419768908234896,0.349499111015934,0.3690689427883334,0.2265052505246451,0.4132334193423806,0.5386749883973138,0.3256320144293234,0.5508270211950398,0.3882798190185101,0.4438976099594343,0.5695406947391435,0.4063175081978176,0.427140817175476,0.1955242370977677,0.3538685334680772,0.4678452182977529,0.4912472085993738,0.3217995718739888,0.3687535203018734,0.3347516559875896,30.066666666666663
