mean_AU01,mean_AU02,mean_AU04,mean_AU05,mean_AU06,mean_AU07,mean_AU09,mean_AU10,mean_AU11,mean_AU12,mean_AU14,mean_AU15,mean_AU17,mean_AU20,mean_AU23,mean_AU24,mean_AU25,mean_AU26,mean_AU28,mean_AU43,mean_duration
0.3524771936496799,0.365538790563969,0.3319671281133715,0.2411224030717605,0.4717694920422202,0.5713846406966111,0.3467394398196253,0.5817349360897497,0.3855744200434117,0.5109175277967001,0.531334945710527,0.5095155135076211,0.498291237874496,0.2038971847735115,0.3711035389179705,0.4525960397840242,0.5092125934247457,0.3575250570676623,0.3423569779415956,0.3374509992329261,4.5666666666666655
