mean_AU01,mean_AU02,mean_AU04,mean_AU05,mean_AU06,mean_AU07,mean_AU09,mean_AU10,mean_AU11,mean_AU12,mean_AU14,mean_AU15,mean_AU17,mean_AU20,mean_AU23,mean_AU24,mean_AU25,mean_AU26,mean_AU28,mean_AU43,mean_duration
0.4593911627846686,0.3688902618089241,0.2799767178858636,0.1811299246477873,0.7565863629954288,0.7574057232302875,0.2773413458090951,0.9466768918636942,0.4140611725088813,0.8600377135621514,0.6678041686962111,0.3451078602348523,0.3506321288296919,0.2653101062464892,0.2879098360302276,0.0532571605121871,0.9616875616023014,0.6421726366746202,0.0902363304019957,0.0429987148336261,3.8333333333333335
