mean_AU01,mean_AU02,mean_AU04,mean_AU05,mean_AU06,mean_AU07,mean_AU09,mean_AU10,mean_AU11,mean_AU12,mean_AU14,mean_AU15,mean_AU17,mean_AU20,mean_AU23,mean_AU24,mean_AU25,mean_AU26,mean_AU28,mean_AU43,mean_duration
0.3307490981224269,0.3673835254986498,0.3634215856111197,0.223806939367528,0.4331631642586733,0.5412956636282801,0.3741014901787012,0.5301425139280888,0.3840297353703436,0.4509293314439506,0.5544617004347037,0.5135642401987563,0.4978577928510659,0.1853405816766262,0.3846374170224442,0.4731819803504334,0.4527942374594804,0.3228779850738272,0.3775519688039694,0.4003366324491801,34.366666666666674
