mean_AU01,mean_AU02,mean_AU04,mean_AU05,mean_AU06,mean_AU07,mean_AU09,mean_AU10,mean_AU11,mean_AU12,mean_AU14,mean_AU15,mean_AU17,mean_AU20,mean_AU23,mean_AU24,mean_AU25,mean_AU26,mean_AU28,mean_AU43,mean_duration
0.3909922796076381,0.3606665515968233,0.3485316164503719,0.2255638753375022,0.4552339990640021,0.5625108026969753,0.3353033169204,0.6115667351717526,0.3886092860846244,0.4775484899086396,0.5471973469560543,0.4542039784661751,0.4488291177011239,0.2046474136468245,0.3620834580919821,0.4379726931603644,0.5336919239979419,0.3633159345569735,0.2903666987863953,0.3407633355454286,8.233333333333334
