mean_AU01,mean_AU02,mean_AU04,mean_AU05,mean_AU06,mean_AU07,mean_AU09,mean_AU10,mean_AU11,mean_AU12,mean_AU14,mean_AU15,mean_AU17,mean_AU20,mean_AU23,mean_AU24,mean_AU25,mean_AU26,mean_AU28,mean_AU43,mean_duration
0.3589945413400396,0.3571852953567971,0.3180954568692713,0.2451901133507822,0.518133704270811,0.4833928806382781,0.3061960294595036,0.478672489788806,0.3913056758764525,0.4791511928443006,0.5824706739502507,0.5741484711406931,0.5707245868191377,0.1421487196615442,0.4119147385128976,0.5205792301548519,0.3524505572761217,0.2449968653889693,0.3940501199508376,0.471445715446858,3.899999999999998
