mean_AU01,mean_AU02,mean_AU04,mean_AU05,mean_AU06,mean_AU07,mean_AU09,mean_AU10,mean_AU11,mean_AU12,mean_AU14,mean_AU15,mean_AU17,mean_AU20,mean_AU23,mean_AU24,mean_AU25,mean_AU26,mean_AU28,mean_AU43,mean_duration
0.3462225330851735,0.361478019264276,0.3562844818647114,0.2110372296049524,0.4836248458210053,0.5540959757571002,0.368669584150963,0.6084879124772159,0.3890724081561698,0.5164639985491207,0.5349396409430804,0.4083201882888815,0.4007751818254154,0.2096379599396311,0.3228617527306746,0.4093004992981311,0.5351933629335189,0.3214219150385142,0.3251884669422587,0.3464560619573847,12.5
