mean_AU01,mean_AU02,mean_AU04,mean_AU05,mean_AU06,mean_AU07,mean_AU09,mean_AU10,mean_AU11,mean_AU12,mean_AU14,mean_AU15,mean_AU17,mean_AU20,mean_AU23,mean_AU24,mean_AU25,mean_AU26,mean_AU28,mean_AU43,mean_duration
0.3390419723982526,0.3505194073584713,0.3248778080724462,0.2113127993562576,0.4642892546414731,0.5710509003699004,0.319276432078719,0.6053231252529374,0.3885449545026805,0.4965684743606122,0.5840392974503099,0.417145707754587,0.4438601930690989,0.2096970304910238,0.3519576512274424,0.4556691879356453,0.5249776824555338,0.3492964786569648,0.3217814564284389,0.2795686170250199,14.266666666666673
