mean_AU01,mean_AU02,mean_AU04,mean_AU05,mean_AU06,mean_AU07,mean_AU09,mean_AU10,mean_AU11,mean_AU12,mean_AU14,mean_AU15,mean_AU17,mean_AU20,mean_AU23,mean_AU24,mean_AU25,mean_AU26,mean_AU28,mean_AU43,mean_duration
0.3337276076418877,0.3540693182562296,0.3242820974257765,0.1822015224863912,0.5147041297697516,0.5774633857795999,0.3592476595512905,0.6135581879033073,0.3903765929246865,0.5330171009099279,0.638383397148841,0.3962989667566087,0.453157063187494,0.2106298930683831,0.384099075234103,0.4578805150139562,0.5168970150439922,0.3065522276181509,0.3614487179815162,0.3381824322511136,4.966666666666667
