mean_AU01,mean_AU02,mean_AU04,mean_AU05,mean_AU06,mean_AU07,mean_AU09,mean_AU10,mean_AU11,mean_AU12,mean_AU14,mean_AU15,mean_AU17,mean_AU20,mean_AU23,mean_AU24,mean_AU25,mean_AU26,mean_AU28,mean_AU43,mean_duration
0.3571976311637236,0.3404895638353591,0.2531489619604085,0.1219322432876025,0.7641442693774462,0.7720722829964999,0.4252355578726698,0.8395412065958429,0.4069785099745318,0.7900481736466349,0.6868506620818063,0.2442647131790809,0.2576593277760221,0.2919675522374078,0.2266938015993454,0.1942739884179969,0.788150869870702,0.5812983308039725,0.1779676697758767,0.256610054537316,3.7
