mean_AU01,mean_AU02,mean_AU04,mean_AU05,mean_AU06,mean_AU07,mean_AU09,mean_AU10,mean_AU11,mean_AU12,mean_AU14,mean_AU15,mean_AU17,mean_AU20,mean_AU23,mean_AU24,mean_AU25,mean_AU26,mean_AU28,mean_AU43,mean_duration
0.4121836787617005,0.3974168170896572,0.2400745604973524,0.1431860169954575,0.8869309564417838,0.8104786840290145,0.4406928380558489,0.9560438633984496,0.4142617628268107,0.9297852588760256,0.6645053916261936,0.3942043033595895,0.3180418036418559,0.3311623301527282,0.2748457671831738,0.0944373258855347,0.9312630123569176,0.6124650124067279,0.0680676232405924,0.4697028006850093,20.466666666666665
