mean_AU01,mean_AU02,mean_AU04,mean_AU05,mean_AU06,mean_AU07,mean_AU09,mean_AU10,mean_AU11,mean_AU12,mean_AU14,mean_AU15,mean_AU17,mean_AU20,mean_AU23,mean_AU24,mean_AU25,mean_AU26,mean_AU28,mean_AU43,mean_duration
0.6192881867141617,0.5456908458789798,0.2827556234259177,0.2454944184556746,0.7919472955575112,0.7761785417929952,0.188251198894299,0.9309006039864344,0.4093395672303667,0.8571462986491115,0.4807717364953685,0.4336632749668499,0.4973348851456691,0.2762960353136591,0.2502847247406333,0.028978425796945,0.905056986109842,0.5534247929809066,0.0487315437050285,0.0874311430585342,6.133333333333333
