mean_AU01,mean_AU02,mean_AU04,mean_AU05,mean_AU06,mean_AU07,mean_AU09,mean_AU10,mean_AU11,mean_AU12,mean_AU14,mean_AU15,mean_AU17,mean_AU20,mean_AU23,mean_AU24,mean_AU25,mean_AU26,mean_AU28,mean_AU43,mean_duration
0.5523106026987422,0.4522451329707528,0.2045901891471957,0.1586700268535739,0.8123532395806752,0.7726738900239489,0.3552258643324359,0.957700942006631,0.4148885539486402,0.9133510862474684,0.6413234186558944,0.3917313576758094,0.2797536044964097,0.2885850385234709,0.2988602689248677,0.0587685715086271,0.9725607840371572,0.7482532145315308,0.0703679402337253,0.2958225408960271,6.4
