mean_AU01,mean_AU02,mean_AU04,mean_AU05,mean_AU06,mean_AU07,mean_AU09,mean_AU10,mean_AU11,mean_AU12,mean_AU14,mean_AU15,mean_AU17,mean_AU20,mean_AU23,mean_AU24,mean_AU25,mean_AU26,mean_AU28,mean_AU43,mean_duration
0.4351272575165839,0.372138709060144,0.2554264665987324,0.0802478297061717,0.9442822783439774,0.8675662535620855,0.5502638190675726,0.9616457021221404,0.4150998381749745,0.9442791167078556,0.6457563735286265,0.1422788461815871,0.1969478943073752,0.3560388315900156,0.1350293531342631,0.0515141114381089,0.9612500395226375,0.4023355624318978,0.1191483294804568,0.2546661226758774,4.133333333333333
