mean_AU01,mean_AU02,mean_AU04,mean_AU05,mean_AU06,mean_AU07,mean_AU09,mean_AU10,mean_AU11,mean_AU12,mean_AU14,mean_AU15,mean_AU17,mean_AU20,mean_AU23,mean_AU24,mean_AU25,mean_AU26,mean_AU28,mean_AU43,mean_duration
0.3328669872568308,0.3134335747375011,0.2662193002284102,0.1308749052123625,0.8900527109712139,0.8270633873616693,0.3790486085977017,0.9359503185032076,0.414424007435794,0.927108695314062,0.6946430362019714,0.3172749178297254,0.2524765458524524,0.3181611632128791,0.2410827278642735,0.1763942088782736,0.8210961285145993,0.5710917459818697,0.0781116579615638,0.3599033479209333,10.799999999999995
