mean_AU01,mean_AU02,mean_AU04,mean_AU05,mean_AU06,mean_AU07,mean_AU09,mean_AU10,mean_AU11,mean_AU12,mean_AU14,mean_AU15,mean_AU17,mean_AU20,mean_AU23,mean_AU24,mean_AU25,mean_AU26,mean_AU28,mean_AU43,mean_duration
0.3248199773893355,0.3377210474562461,0.3472013642416854,0.1514379138920036,0.6306722415573172,0.6396829858302715,0.4512525426462863,0.6485775880105275,0.39559611035196,0.623004034668393,0.6074763296849949,0.3512159829051425,0.4529281976589852,0.233490146763144,0.3091663705987387,0.4202328628706235,0.5534984593606789,0.300886441640572,0.2894145176118351,0.3635639286919198,10.799999999999995
