mean_AU01,mean_AU02,mean_AU04,mean_AU05,mean_AU06,mean_AU07,mean_AU09,mean_AU10,mean_AU11,mean_AU12,mean_AU14,mean_AU15,mean_AU17,mean_AU20,mean_AU23,mean_AU24,mean_AU25,mean_AU26,mean_AU28,mean_AU43,mean_duration
0.3892916084410977,0.36774025600049,0.278274477339143,0.0794458651393358,0.9310866199160066,0.9088206708340448,0.4842070660779198,0.9769079836967206,0.4150998381749745,0.9631951415826168,0.5518323830562335,0.3173936755786408,0.1690275896854434,0.380335288499935,0.1894523523162374,0.009869613068862,0.9889994678661116,0.6856514488085675,0.0554512722365802,0.2134420356907561,8.066666666666665
