mean_AU01,mean_AU02,mean_AU04,mean_AU05,mean_AU06,mean_AU07,mean_AU09,mean_AU10,mean_AU11,mean_AU12,mean_AU14,mean_AU15,mean_AU17,mean_AU20,mean_AU23,mean_AU24,mean_AU25,mean_AU26,mean_AU28,mean_AU43,mean_duration
0.3674928664663859,0.2932051717882916,0.3188383863747942,0.0888597251730192,0.9077661495516224,0.8673295238750923,0.5184053036694866,0.9741862117506104,0.4150998381749745,0.921025836725114,0.6737880638130934,0.2235342610771817,0.250027830610762,0.3323516734006287,0.1859950626810952,0.0706101071854621,0.960212217721248,0.6386250900191974,0.1068134418490155,0.295545446126291,6.666666666666668
