mean_AU01,mean_AU02,mean_AU04,mean_AU05,mean_AU06,mean_AU07,mean_AU09,mean_AU10,mean_AU11,mean_AU12,mean_AU14,mean_AU15,mean_AU17,mean_AU20,mean_AU23,mean_AU24,mean_AU25,mean_AU26,mean_AU28,mean_AU43,mean_duration
0.4097815566796197,0.3651465503247498,0.2665723265605047,0.1826777514322333,0.8346870364317055,0.7749534797852925,0.4526099557799115,0.9334663341384516,0.4122252880927979,0.8795162747077743,0.6413997983573863,0.2305868757086668,0.180573123808822,0.3070120909723199,0.19396270429525,0.0860688400910838,0.9353412399867396,0.6328509394034111,0.1127901244420158,0.3220273476684844,9.9
