mean_AU01,mean_AU02,mean_AU04,mean_AU05,mean_AU06,mean_AU07,mean_AU09,mean_AU10,mean_AU11,mean_AU12,mean_AU14,mean_AU15,mean_AU17,mean_AU20,mean_AU23,mean_AU24,mean_AU25,mean_AU26,mean_AU28,mean_AU43,mean_duration
0.5215774716519976,0.4303312345219134,0.3338698116957055,0.1778030613596428,0.6967768625629925,0.772146313513712,0.4165801027028589,0.8667700123122354,0.4087976563351196,0.7371144811731475,0.4606956687150444,0.4471326105138813,0.2800850692296827,0.3388994633865152,0.2337915406764554,0.1195750780689554,0.8752844806938979,0.6548200535353498,0.1145219395331048,0.358062376962291,5.933333333333334
