mean_AU01,mean_AU02,mean_AU04,mean_AU05,mean_AU06,mean_AU07,mean_AU09,mean_AU10,mean_AU11,mean_AU12,mean_AU14,mean_AU15,mean_AU17,mean_AU20,mean_AU23,mean_AU24,mean_AU25,mean_AU26,mean_AU28,mean_AU43,mean_duration
0.3608253151297227,0.3531776813376685,0.2563861118453579,0.1321949476786478,0.967698595364731,0.8641707028329568,0.4500334027717594,0.9761887584323836,0.4150998381749745,0.9789754939212884,0.7514273364453689,0.2351258596546134,0.2349043782077237,0.3502120068892836,0.1200316378695048,0.0503941575307492,0.9515203871245592,0.5884678543486632,0.0595062463554783,0.4313250581108571,4.5666666666666655
