mean_AU01,mean_AU02,mean_AU04,mean_AU05,mean_AU06,mean_AU07,mean_AU09,mean_AU10,mean_AU11,mean_AU12,mean_AU14,mean_AU15,mean_AU17,mean_AU20,mean_AU23,mean_AU24,mean_AU25,mean_AU26,mean_AU28,mean_AU43,mean_duration
0.4433287066734677,0.3703541922800396,0.2919191851198477,0.1347418763391983,0.8902576080881078,0.8222453986089324,0.5301906180598603,0.9234090347113424,0.4121870952371881,0.900266581374859,0.6090118385392765,0.2798128207041125,0.2705794376211698,0.3804188531562339,0.1475626139947423,0.0892906531613927,0.9161875187437616,0.5187507399884993,0.0759112371277715,0.4164515537586544,6.766666666666666
