mean_AU01,mean_AU02,mean_AU04,mean_AU05,mean_AU06,mean_AU07,mean_AU09,mean_AU10,mean_AU11,mean_AU12,mean_AU14,mean_AU15,mean_AU17,mean_AU20,mean_AU23,mean_AU24,mean_AU25,mean_AU26,mean_AU28,mean_AU43,mean_duration
0.3718095364852511,0.3287367650092082,0.3400890141984819,0.1066680359700604,0.8646170270457161,0.7998444398782437,0.456645961830026,0.8945526817221418,0.4148280981063981,0.895524988674205,0.7172270376968105,0.3428425921067813,0.4529259982014151,0.2389039404386429,0.1919916111669817,0.3243742477328521,0.6271367024366808,0.3082447172938957,0.1482657986880893,0.2741610335590786,2.833333333333333
