mean_AU01,mean_AU02,mean_AU04,mean_AU05,mean_AU06,mean_AU07,mean_AU09,mean_AU10,mean_AU11,mean_AU12,mean_AU14,mean_AU15,mean_AU17,mean_AU20,mean_AU23,mean_AU24,mean_AU25,mean_AU26,mean_AU28,mean_AU43,mean_duration
0.3206097209204868,0.3192484544014199,0.3146560928260372,0.191003676720413,0.56159278156026,0.609190884621221,0.3601425524922684,0.6889971665723338,0.3980667615896215,0.596753661857334,0.6104048237486646,0.4154122797294791,0.3776079452252243,0.2147216129587754,0.3459133099771814,0.3392326527445927,0.6308296162298956,0.4397752681738074,0.2152395027010873,0.3848746379258402,4.5
