mean_AU01,mean_AU02,mean_AU04,mean_AU05,mean_AU06,mean_AU07,mean_AU09,mean_AU10,mean_AU11,mean_AU12,mean_AU14,mean_AU15,mean_AU17,mean_AU20,mean_AU23,mean_AU24,mean_AU25,mean_AU26,mean_AU28,mean_AU43,mean_duration
0.343644511039304,0.3528828069549303,0.3321916050347238,0.2124678228034155,0.4436703851057331,0.5284709692204992,0.3235486942680104,0.5370651420419267,0.3852537543633145,0.4531547160788498,0.552594392258488,0.5148262046818396,0.511589048647155,0.1964506677414564,0.3968810895967964,0.4771364249599292,0.4306659869098171,0.3267457024736301,0.341406094646068,0.3412286309711924,2.866666666666667
