mean_AU01,mean_AU02,mean_AU04,mean_AU05,mean_AU06,mean_AU07,mean_AU09,mean_AU10,mean_AU11,mean_AU12,mean_AU14,mean_AU15,mean_AU17,mean_AU20,mean_AU23,mean_AU24,mean_AU25,mean_AU26,mean_AU28,mean_AU43,mean_duration
0.3467430874338285,0.2876329092965338,0.3676592418943218,0.1503034615126705,0.6050991316858793,0.630105324906182,0.4552353641047903,0.7629083814629029,0.4029845614516598,0.6873206282682588,0.6710712908189569,0.3284699828904456,0.4013566285976347,0.2618416011103392,0.2972026459351566,0.3092806536013264,0.6719050852829123,0.4293192447219708,0.1305157062795573,0.3135458112770093,2.7333333333333334
