mean_AU01,mean_AU02,mean_AU04,mean_AU05,mean_AU06,mean_AU07,mean_AU09,mean_AU10,mean_AU11,mean_AU12,mean_AU14,mean_AU15,mean_AU17,mean_AU20,mean_AU23,mean_AU24,mean_AU25,mean_AU26,mean_AU28,mean_AU43,mean_duration
0.4606767136926831,0.3705686494635289,0.2791312632982038,0.1420344099395678,0.8455099731618693,0.7558338526129262,0.4534884986776222,0.9263308119540796,0.4125873987100671,0.8881645687921029,0.695253995871888,0.2727169070705398,0.2960381463281281,0.3153644990434497,0.2240179309964619,0.1318288830872754,0.8879095811880119,0.5381895922844645,0.0966265854468468,0.329571295176601,2.966666666666667
