mean_AU01,mean_AU02,mean_AU04,mean_AU05,mean_AU06,mean_AU07,mean_AU09,mean_AU10,mean_AU11,mean_AU12,mean_AU14,mean_AU15,mean_AU17,mean_AU20,mean_AU23,mean_AU24,mean_AU25,mean_AU26,mean_AU28,mean_AU43,mean_duration
0.4114127627411941,0.3722974831721838,0.3020634125981642,0.1760226457644865,0.7554971592051478,0.7453485251215073,0.4594013163834707,0.8327732404483658,0.4063118055671617,0.7867542313652939,0.6774764689623881,0.3287513054065511,0.324595416736263,0.3104741110823781,0.2604588200230312,0.1848202422003213,0.8119208382234285,0.5377042891080281,0.1633023821551487,0.3629324591102738,5.266666666666666
