mean_AU01,mean_AU02,mean_AU04,mean_AU05,mean_AU06,mean_AU07,mean_AU09,mean_AU10,mean_AU11,mean_AU12,mean_AU14,mean_AU15,mean_AU17,mean_AU20,mean_AU23,mean_AU24,mean_AU25,mean_AU26,mean_AU28,mean_AU43,mean_duration
0.3382814840659883,0.3633714022821705,0.3881237101174638,0.1679426105787316,0.5694908921314032,0.6459793975990553,0.4278375046228452,0.659520108409168,0.3968060281118484,0.5911126084339505,0.6648825958173762,0.3105913370380802,0.3670514517553559,0.2367121204747446,0.3171318938012558,0.3626766219436115,0.5970420329835285,0.3608694974220804,0.2890268408392721,0.3804854525918645,23.199999999999992
