mean_AU01,mean_AU02,mean_AU04,mean_AU05,mean_AU06,mean_AU07,mean_AU09,mean_AU10,mean_AU11,mean_AU12,mean_AU14,mean_AU15,mean_AU17,mean_AU20,mean_AU23,mean_AU24,mean_AU25,mean_AU26,mean_AU28,mean_AU43,mean_duration
0.4952784712233783,0.4079726485232386,0.2848998774203379,0.1751509524665848,0.8179270812158336,0.7354749455186005,0.4119301765863145,0.9089416506036362,0.4129373944175188,0.878687408256233,0.6804593709992944,0.2892699316532203,0.3185173990648569,0.286085835896922,0.2610320295595627,0.1950326956917012,0.8716121606944799,0.4959815894435677,0.1361452668649634,0.3234685193091947,6.900000000000001
