mean_AU01,mean_AU02,mean_AU04,mean_AU05,mean_AU06,mean_AU07,mean_AU09,mean_AU10,mean_AU11,mean_AU12,mean_AU14,mean_AU15,mean_AU17,mean_AU20,mean_AU23,mean_AU24,mean_AU25,mean_AU26,mean_AU28,mean_AU43,mean_duration
0.5009988338428407,0.4514077085994917,0.2902258859480686,0.3269495890740612,0.3833888146194272,0.4610345752500353,0.1484326970641921,0.5672137045604307,0.3921156162921912,0.4845542307332571,0.4050302774866068,0.4646697650013577,0.3974960961928097,0.1568462300208354,0.3260362723775286,0.2208914522377018,0.6399294379156341,0.4968769561823833,0.1244287485623992,0.1890553366911035,0.8000000000000002
