mean_AU01,mean_AU02,mean_AU04,mean_AU05,mean_AU06,mean_AU07,mean_AU09,mean_AU10,mean_AU11,mean_AU12,mean_AU14,mean_AU15,mean_AU17,mean_AU20,mean_AU23,mean_AU24,mean_AU25,mean_AU26,mean_AU28,mean_AU43,mean_duration
0.3417972365777655,0.3838031484970516,0.3619638309896608,0.222339912011015,0.434734847034499,0.5942331440382049,0.424762392398327,0.5673832408103574,0.3867372979185589,0.4766851555226615,0.5756368726628628,0.5237605742522488,0.5018630577118941,0.2087004173512362,0.3779762305747215,0.5041630223079752,0.4521339796314213,0.3117100079524414,0.3990798715950299,0.4289100941256021,6.066666666666667
