mean_AU01,mean_AU02,mean_AU04,mean_AU05,mean_AU06,mean_AU07,mean_AU09,mean_AU10,mean_AU11,mean_AU12,mean_AU14,mean_AU15,mean_AU17,mean_AU20,mean_AU23,mean_AU24,mean_AU25,mean_AU26,mean_AU28,mean_AU43,mean_duration
0.3398543727682651,0.3658089972375267,0.3450447708907369,0.1898892385930858,0.5563347127623357,0.5733112458296741,0.380514042970952,0.644633440820497,0.3954778835107232,0.5890735380721666,0.6479642632676674,0.2912614460066015,0.3404431152371108,0.2295159886035076,0.3174408016122357,0.3657204601655023,0.6031038980847263,0.3389993575660315,0.2632564807669987,0.3327342444195414,10.733333333333333
