mean_AU01,mean_AU02,mean_AU04,mean_AU05,mean_AU06,mean_AU07,mean_AU09,mean_AU10,mean_AU11,mean_AU12,mean_AU14,mean_AU15,mean_AU17,mean_AU20,mean_AU23,mean_AU24,mean_AU25,mean_AU26,mean_AU28,mean_AU43,mean_duration
0.309095285822655,0.3461901091561917,0.3605451123063874,0.2288726847286207,0.41634837039677,0.5274970111365654,0.3479539380321363,0.5019133276114996,0.3851506819761257,0.4300906001203423,0.5729178308480173,0.4601605247106665,0.4905379259060167,0.19046750365459,0.3945881367766351,0.5258321264006733,0.4072068745385049,0.2948010606685662,0.3954668222800777,0.3445279245690134,51.10000000000002
