mean_AU01,mean_AU02,mean_AU04,mean_AU05,mean_AU06,mean_AU07,mean_AU09,mean_AU10,mean_AU11,mean_AU12,mean_AU14,mean_AU15,mean_AU17,mean_AU20,mean_AU23,mean_AU24,mean_AU25,mean_AU26,mean_AU28,mean_AU43,mean_duration
0.4594568804744961,0.4276501164930366,0.240191012116943,0.1425216481829403,0.8432468321222913,0.6591130999099848,0.4512966330078983,0.8339472983476783,0.408422071957326,0.8420329253008049,0.6705869689597287,0.1459169837332165,0.1610149405622532,0.2627128200841307,0.1753743945565918,0.1192663402274728,0.845818443058918,0.3712366143242218,0.2077335216310518,0.3289379340482645,2.5333333333333328
