mean_AU01,mean_AU02,mean_AU04,mean_AU05,mean_AU06,mean_AU07,mean_AU09,mean_AU10,mean_AU11,mean_AU12,mean_AU14,mean_AU15,mean_AU17,mean_AU20,mean_AU23,mean_AU24,mean_AU25,mean_AU26,mean_AU28,mean_AU43,mean_duration
0.3932004566618022,0.3460698770888004,0.2571005930762725,0.1574348139678972,0.8399654843922376,0.8111384300420553,0.4634404723868677,0.9041969775362668,0.4097622167375283,0.8745908142068802,0.6055247483152039,0.3147068541791271,0.2149727303791897,0.3778281005881304,0.1890937487775046,0.1149134208358395,0.8808773308468208,0.6560494296605184,0.1132765035237743,0.4196091996659779,4.300000000000001
