mean_AU01,mean_AU02,mean_AU04,mean_AU05,mean_AU06,mean_AU07,mean_AU09,mean_AU10,mean_AU11,mean_AU12,mean_AU14,mean_AU15,mean_AU17,mean_AU20,mean_AU23,mean_AU24,mean_AU25,mean_AU26,mean_AU28,mean_AU43,mean_duration
0.3751370445110077,0.3791810000984429,0.313584287179,0.18993190095819,0.6768764362860473,0.6600787259350677,0.4332462777949931,0.7565511284369245,0.4002772945239989,0.702244223836758,0.6415384294643736,0.2623510624274591,0.2898796278148219,0.2234751798151293,0.2579676268449554,0.2903137623638335,0.7432534270833474,0.3528391776792723,0.2875993483533428,0.324078264452448,13.233333333333327
