mean_AU01,mean_AU02,mean_AU04,mean_AU05,mean_AU06,mean_AU07,mean_AU09,mean_AU10,mean_AU11,mean_AU12,mean_AU14,mean_AU15,mean_AU17,mean_AU20,mean_AU23,mean_AU24,mean_AU25,mean_AU26,mean_AU28,mean_AU43,mean_duration
0.2409693573806984,0.2820991141151279,0.3232762528594052,0.1112644597123511,0.7181049003171842,0.7972687243538581,0.4727920549919501,0.8950570938040395,0.4052799698214658,0.7379420485584179,0.7416827893887281,0.205059986956293,0.1785317376275195,0.2813789354000116,0.2803653892808447,0.105743967585191,0.914006844023642,0.6494741959104636,0.1084331869392287,0.3459072305660942,7.0
