mean_AU01,mean_AU02,mean_AU04,mean_AU05,mean_AU06,mean_AU07,mean_AU09,mean_AU10,mean_AU11,mean_AU12,mean_AU14,mean_AU15,mean_AU17,mean_AU20,mean_AU23,mean_AU24,mean_AU25,mean_AU26,mean_AU28,mean_AU43,mean_duration
0.3168815812504165,0.294321225908374,0.222165270688368,0.1352000027693631,0.7677095116462552,0.7227689692396445,0.3234968582581007,0.9118323827514986,0.4113288484074846,0.8613549706396161,0.7190253041603822,0.2944615141800734,0.2053577233083624,0.264897677278901,0.3144710927547973,0.2080444045876576,0.8077204461037255,0.5668207215323166,0.1559468510262716,0.1591783959858616,6.700000000000001
