mean_AU01,mean_AU02,mean_AU04,mean_AU05,mean_AU06,mean_AU07,mean_AU09,mean_AU10,mean_AU11,mean_AU12,mean_AU14,mean_AU15,mean_AU17,mean_AU20,mean_AU23,mean_AU24,mean_AU25,mean_AU26,mean_AU28,mean_AU43,mean_duration
0.3992589003011534,0.3620535059935634,0.2720436185180131,0.2212192528717313,0.6849486588685538,0.6288632254008628,0.3629506105759255,0.8405863913951794,0.4097893851279152,0.7748067243608259,0.707145256411194,0.2028362387491905,0.2110843972106375,0.2352542944690835,0.2460527438231558,0.2490396696536116,0.8030492513060006,0.3898986098069963,0.1739775775280582,0.1833084826465706,2.1333333333333333
