mean_AU01,mean_AU02,mean_AU04,mean_AU05,mean_AU06,mean_AU07,mean_AU09,mean_AU10,mean_AU11,mean_AU12,mean_AU14,mean_AU15,mean_AU17,mean_AU20,mean_AU23,mean_AU24,mean_AU25,mean_AU26,mean_AU28,mean_AU43,mean_duration
0.3439350397889291,0.4252694038907681,0.256623627509754,0.1506207265701248,0.8949831453685805,0.7969473521143815,0.4389761010514543,0.8841024963263988,0.4116565580213001,0.9212013131841464,0.7281175882615316,0.4435173877416745,0.3976793265180162,0.3251975808233779,0.3012037680238886,0.1684930895037569,0.8330320520102208,0.4439741085013594,0.1038646211261696,0.4808365969783629,2.7333333333333334
