mean_AU01,mean_AU02,mean_AU04,mean_AU05,mean_AU06,mean_AU07,mean_AU09,mean_AU10,mean_AU11,mean_AU12,mean_AU14,mean_AU15,mean_AU17,mean_AU20,mean_AU23,mean_AU24,mean_AU25,mean_AU26,mean_AU28,mean_AU43,mean_duration
0.3661139891793482,0.3658194299916559,0.3048515642405829,0.1894003880229642,0.5757709654908884,0.5950974779979394,0.3821276918293919,0.6670690941533819,0.3921612719258109,0.5972374889298719,0.5630006121193268,0.4074212679302949,0.3853666543556393,0.2455580405965549,0.3078926338379621,0.3283281079103054,0.6362210257456457,0.3818429309083688,0.2570587480477678,0.3755518232061214,4.633333333333333
