mean_AU01,mean_AU02,mean_AU04,mean_AU05,mean_AU06,mean_AU07,mean_AU09,mean_AU10,mean_AU11,mean_AU12,mean_AU14,mean_AU15,mean_AU17,mean_AU20,mean_AU23,mean_AU24,mean_AU25,mean_AU26,mean_AU28,mean_AU43,mean_duration
0.3658276311410608,0.3555371097616832,0.3341605212656148,0.1883885940944743,0.5557476533209309,0.6099736848015855,0.3593387764755825,0.6554587282090354,0.3966604134155235,0.5876175082043559,0.5900058232596199,0.4159946486377388,0.426121212285599,0.2110637491806709,0.3172951985772336,0.3722415611149411,0.5883359027170908,0.3583979312701792,0.2876783397807219,0.2657926204323531,25.76666666666665
