mean_AU01,mean_AU02,mean_AU04,mean_AU05,mean_AU06,mean_AU07,mean_AU09,mean_AU10,mean_AU11,mean_AU12,mean_AU14,mean_AU15,mean_AU17,mean_AU20,mean_AU23,mean_AU24,mean_AU25,mean_AU26,mean_AU28,mean_AU43,mean_duration
0.4078358538032355,0.3714766031318548,0.2840633933551315,0.2085126851305104,0.5113445039214987,0.4734047801455185,0.3071755532335244,0.6355423459450869,0.3923312645155424,0.5631229564755126,0.5797182513800645,0.3614405800460328,0.3384436006259662,0.1948124458876441,0.3205183440638581,0.3147176845572941,0.6535059186496844,0.3559983261948183,0.2559393868311876,0.2342073758034458,6.633333333333336
