mean_AU01,mean_AU02,mean_AU04,mean_AU05,mean_AU06,mean_AU07,mean_AU09,mean_AU10,mean_AU11,mean_AU12,mean_AU14,mean_AU15,mean_AU17,mean_AU20,mean_AU23,mean_AU24,mean_AU25,mean_AU26,mean_AU28,mean_AU43,mean_duration
0.3401562165754679,0.3588340394186524,0.3467000474631974,0.25870572557951,0.4400419313673686,0.5384320242827669,0.3698943002847362,0.5257507613553672,0.3846225102106836,0.4520833340093151,0.4946508538707475,0.5311560123625013,0.4934960811346556,0.1892840341479179,0.375540114352825,0.489562287851039,0.4472726471605437,0.3284682046946,0.3746186550962305,0.3610406321526534,22.233333333333324
