mean_AU01,mean_AU02,mean_AU04,mean_AU05,mean_AU06,mean_AU07,mean_AU09,mean_AU10,mean_AU11,mean_AU12,mean_AU14,mean_AU15,mean_AU17,mean_AU20,mean_AU23,mean_AU24,mean_AU25,mean_AU26,mean_AU28,mean_AU43,mean_duration
0.3861064044209145,0.3090500669665884,0.3227747648789282,0.2192767001192911,0.7085652966458922,0.6505468183830622,0.392977883593363,0.7567389481413554,0.4039618928596658,0.7160567079187737,0.5295519639449247,0.4851412481644672,0.3997483062158674,0.2197429723458986,0.3053942254787376,0.3051167484256477,0.6858476210147004,0.4420504494791489,0.1982222165212913,0.4450554004811286,8.066666666666665
