mean_AU01,mean_AU02,mean_AU04,mean_AU05,mean_AU06,mean_AU07,mean_AU09,mean_AU10,mean_AU11,mean_AU12,mean_AU14,mean_AU15,mean_AU17,mean_AU20,mean_AU23,mean_AU24,mean_AU25,mean_AU26,mean_AU28,mean_AU43,mean_duration
0.3297341841661919,0.3153539380626911,0.252302817042188,0.1626884821453249,0.536869023329816,0.6090875801475756,0.2460650507410491,0.7129220545027366,0.3964241510708245,0.6509461832984338,0.6559072454821826,0.2118889542590405,0.3394443069416865,0.2482384857204621,0.3458204793604723,0.3326148660457766,0.6778984082762051,0.4575573806349143,0.3293836206415086,0.1096389859657129,9.4
