mean_AU01,mean_AU02,mean_AU04,mean_AU05,mean_AU06,mean_AU07,mean_AU09,mean_AU10,mean_AU11,mean_AU12,mean_AU14,mean_AU15,mean_AU17,mean_AU20,mean_AU23,mean_AU24,mean_AU25,mean_AU26,mean_AU28,mean_AU43,mean_duration
0.349314745261541,0.3358114037300774,0.3353852956206031,0.2324417911886714,0.427374703812661,0.5568338805280784,0.2508462918758553,0.5503461181981038,0.3802818377220771,0.41116400577319,0.5829348451640798,0.5202207307661828,0.5378416811817623,0.1316454200537495,0.4309677846606138,0.5317912341606905,0.4503242908280422,0.3240597412316333,0.3831339515384099,0.3033457023507316,5.0
