mean_AU01,mean_AU02,mean_AU04,mean_AU05,mean_AU06,mean_AU07,mean_AU09,mean_AU10,mean_AU11,mean_AU12,mean_AU14,mean_AU15,mean_AU17,mean_AU20,mean_AU23,mean_AU24,mean_AU25,mean_AU26,mean_AU28,mean_AU43,mean_duration
0.3793033788682237,0.3449886709240515,0.2818096825585819,0.1991389232477549,0.8604550051141913,0.7650494153906252,0.3944723363173007,0.8655116911482532,0.4135937597693043,0.8977854880042508,0.6432184904327666,0.4290055721655755,0.4026693842431172,0.2456527204131064,0.314001193351228,0.2669339346750169,0.7406220408507036,0.4411109354494021,0.2094648732632412,0.4611968544333359,8.866666666666669
