mean_AU01,mean_AU02,mean_AU04,mean_AU05,mean_AU06,mean_AU07,mean_AU09,mean_AU10,mean_AU11,mean_AU12,mean_AU14,mean_AU15,mean_AU17,mean_AU20,mean_AU23,mean_AU24,mean_AU25,mean_AU26,mean_AU28,mean_AU43,mean_duration
0.3107658936343922,0.3439971432666721,0.3706785493651348,0.1754383617242773,0.551937391542582,0.6220820004610407,0.4333588870345616,0.6409564365097771,0.3921219127627953,0.5620124484640734,0.622663942781851,0.4085376414090402,0.4030637112462144,0.2297149214446041,0.3377506021920443,0.408354437803999,0.5480782591071144,0.3580362141757112,0.300713840630866,0.4315787085654968,10.633333333333333
