mean_AU01,mean_AU02,mean_AU04,mean_AU05,mean_AU06,mean_AU07,mean_AU09,mean_AU10,mean_AU11,mean_AU12,mean_AU14,mean_AU15,mean_AU17,mean_AU20,mean_AU23,mean_AU24,mean_AU25,mean_AU26,mean_AU28,mean_AU43,mean_duration
0.4318870147371953,0.3901930888030544,0.2219266438376518,0.1538774322575231,0.790942957079817,0.7761291327268426,0.37612161354496,0.8966461719190122,0.4096486448870237,0.8549216701332069,0.6517529106982458,0.3101423144287718,0.2360066390854521,0.3023209447887179,0.2408331504501258,0.1061313830937496,0.8996033946473858,0.6441777393053182,0.1149403964187734,0.3064623694181263,4.0
